wallet_address,num_transactions,transactions_balance,wallet_balance,difference
0xe9a5bfd875093658ca40c1832bb354c273d24561,2.0,250.0,2453.0,2203.0
0x144f9e70554621113fd31fa1c41c1d46bed0c6e3,2.0,250.0,2591.0,2341.0
0xfcca40c4697b43e749e606ebea728e70eb477dc5,2.0,250.0,2722.0,2472.0
0x2676b3fdef8e24f5535274c6dc1ad108b6ee0a5c,2.0,250.0,2728.0,2478.0
0x2c3ec43460ab5e6eabf38d23b8460e5963eaedf5,2.0,250.0,2503.0,2253.0
0x145817afcfd3ba2647b2c4edcc0c4a6a6b7be2c2,2.0,250.0,2472.0,2222.0
0x1d1818397bff1423a6676d2cb0012fd18e26816f,2.0,250.0,2488.0,2238.0
0x5b23c0b77de10d265871e2e50f205e640f3675a9,2.0,250.0,2715.0,2465.0
0x5e74e9b0ef78231d62ad110a5a0b7750de500b7c,2.0,250.0,2405.0,2155.0
0x9a636b6b9528ded70104aa84aab0a416cad95a36,2.0,250.0,2254.0,2004.0
0xac9d997f52cfe05d296675a8300f9d6f4c1e3e9d,2.0,250.0,2346.0,2096.0
0x7b54dd20e6c6b6fb384551d8d2ba2c4879823910,2.0,250.0,2498.0,2248.0
0x48282b9f420f3367cf834e737bd2bae09d472459,2.0,250.0,2657.0,2407.0
0x5c4b798ee3717433487761335f61fda206df16b7,2.0,250.0,2274.0,2024.0
0x6585e9a8fdcc0b1193935dce8eb7a73cc8accc6e,2.0,250.0,2373.0,2123.0
0x754fabfacbcdfaa7b02d97940d5c24b2a2322aad,2.0,250.0,2617.0,2367.0
0x934404358882a746fbbb5bcf0390051d43dfa48f,2.0,250.0,2674.0,2424.0
0x9e94f850ecd3eb89120abe8de216ace90a8cfb9a,2.0,250.0,2322.0,2072.0
0xd74fbb4e63d26cab5708817bcd5a46b127a1c5fc,2.0,-250.0,2178.0,2428.0
0x7a766aed956214921f154d0decba66006e6688ca,2.0,250.0,2713.0,2463.0
0x44858161fca2520e224f1ba85d8cb06740601a04,2.0,250.0,2415.0,2165.0
0x65f923dc4c23416320407c48147fe43c3cf6e877,2.0,250.0,2371.0,2121.0
0x3168d8d213238367238f83ce33527818dda066b9,2.0,250.0,2671.0,2421.0
0x387ac06bffde2e000ad0cebf845b9d86f45df2a8,2.0,250.0,2431.0,2181.0
0xd1cd285a11dab449f552c5b5aeddf2cecd6e7396,2.0,250.0,2565.0,2315.0
0xd04208f20e00114a36f7c5485a22127983564c5d,2.0,250.0,2646.0,2396.0
0x458e3426c469483ea23ce89dbe1fce1cecff22ae,2.0,250.0,2377.0,2127.0
0x46b372df6500155aea6b29e2f2f92e1d98d79a27,2.0,250.0,2666.0,2416.0
0xda4c47e603aba5d0578957d36f7a48852adbe419,2.0,250.0,2303.0,2053.0
0x5347cef614ec1fa8bd82ce7497a0fd5102be22d8,2.0,250.0,2583.0,2333.0
0x0bfd17d46c253eb4bf0adf0d6eb4be9024a3606c,2.0,250.0,2420.0,2170.0
0x87b21d85b7f02f1ee1c4f225c347b8e43f47943d,2.0,250.0,2643.0,2393.0
0x8874ae3861b834b14e694e71d08c061cc6f7346a,2.0,250.0,2391.0,2141.0
0xb8d79e74a315adfe123eda1c91206b586580ba02,2.0,250.0,2694.0,2444.0
0xc6ed03143cbd690bf3fd942acb749de88b551a4a,2.0,250.0,2423.0,2173.0
0x23280817af8ac641f6bf3e8e4665b2baa3ef2773,2.0,250.0,2316.0,2066.0
0x8de14d0f84393288288c509bf8f31e082f60a29e,2.0,250.0,2487.0,2237.0
0x4dad87d61190f8288e6202f26365374f7d8a958c,3.0,2705.0,2455.0,-250.0
0xa66a3aaac849333cc734a483aee1be61c66d9d21,2.0,250.0,2720.0,2470.0
0xd873294d61009b06cd64e8618d29a388b28a3fce,2.0,250.0,2438.0,2188.0
0xe92b454bc847ae2956ce06cbf78588d13d71a8f4,2.0,250.0,2305.0,2055.0
0x2f00de90d9bb88ed620cbb58a4bed387d4676623,2.0,250.0,2355.0,2105.0
0x05bbd9b96932a145bc0d4374882eafa154bd127a,2.0,250.0,2375.0,2125.0
0x55a41751e7a0504507e19fde3cb1313586522faf,2.0,250.0,2545.0,2295.0
0x6dc449b6a973053a405b86e96ab195846878b776,2.0,250.0,2364.0,2114.0
0xacffde0d29a9c86dbea369e6f28ddcde3d6230b7,2.0,250.0,2540.0,2290.0
0x4f50068964d1b4e0cda01cbc1487cac8724fcc81,2.0,250.0,2477.0,2227.0
0x01a3d492f097d2dba66cbb461db7e1706ea523db,42.0,-2478.0,0.0,2478.0
0x1ec82b0ac9c211627b9212b7b7417de22e64ebbf,2.0,250.0,2475.0,2225.0
0x0eda9b2009f420bd34cb99c17a3d6f17ffe922d1,2.0,250.0,2460.0,2210.0
0x0f04fbc888d0006d3dd6b2e23d4d8101ba1bcd9e,2.0,250.0,2476.0,2226.0
0x0d2900be66e3a8b3f993b423b00cea9473188790,2.0,250.0,2555.0,2305.0
0xa9dadefbd480cfae6749602289fe33f8e89456cb,2.0,250.0,2398.0,2148.0
0x4e3b84a7fbf9fa18e7d6b7304276b2491f43f55e,2.0,250.0,2386.0,2136.0
0xae94721974dc145b6ec47b57dbb3821b4220add3,4.0,-240.0,2128.0,2368.0
0x7cc07fd42e09c93b34adf37c37c7166539007f62,2.0,250.0,2366.0,2116.0
0x4979c408d8b431cd8798d1ad5cc036cf8e3189c9,2.0,250.0,2459.0,2209.0
0x2ed27bcf04286d4f4786878ea5ada67435ca1d5b,2.0,250.0,2367.0,2117.0
0x2c969d4bb271791b030e1af3e1c6598ad5a2de42,2.0,250.0,2570.0,2320.0
0x0a1e535356889466abe2ab685eaf54bf3acd49c0,2.0,250.0,2473.0,2223.0
0x816cd242910a8e8b8880ed872f161d9cc7014392,2.0,250.0,2256.0,2006.0
0x3a76e21e25728a933337eb52a9098a61234620e1,2.0,250.0,2748.0,2498.0
0x9f2824282742412407c12e50e9b88d4b60cf19b6,2.0,250.0,2703.0,2453.0
0xb56ddcc28c38fdcc07e3914855185afde5f8f79b,2.0,250.0,2706.0,2456.0
0x1fb01e758cd8a3b204264835384a7432511e1a24,2.0,250.0,2494.0,2244.0
0xbe03c7c644e21dbd7192fcd84a669c7d6141cdf9,2.0,250.0,2512.0,2262.0
0x5c8a430f8d78330915f9bfd174ce507a483af619,2.0,250.0,2683.0,2433.0
0xbf027cbad997f6a038d208d353caf43b68c96e32,2.0,250.0,2634.0,2384.0
0x6c4a816565b64ceb3e9aa7bb19cb7319c4e7c348,2.0,250.0,2601.0,2351.0
0x49e748ffd42a9eb78508cb797700a45deb3a079f,3.0,2537.0,2287.0,-250.0
0xef183ac9b6719fc6c3ed08362fcdaa349d7921e5,2.0,250.0,2498.0,2248.0
0x8a343550f6de62d7278b7cc727bd87d1aaffe059,2.0,250.0,2455.0,2205.0
0xa92d85a715a300f886c0f450965bf8df94ad9de7,2.0,250.0,2588.0,2338.0
0x4b4dc120671e934070c00501ac87e376564ad168,2.0,-900.0,1775.0,2675.0
0x294481f9fdfa90866c7b867be0d4eab9bfe9887e,2.0,250.0,2369.0,2119.0
0x45aecf32ea745bfa185190e75ce1315e91d0d98d,2.0,250.0,2623.0,2373.0
0x52142db79922e38b69052b84ac29ec74ac2b51ea,7.0,-250.0,2304.0,2554.0
0x62cfda962231862ed99dbeffa408221c8c4834c3,2.0,250.0,2326.0,2076.0
0x31394b4c113cbcde84ffb4adfcb1731ccad5b598,21.0,303.28257499,103.28257499,-200.0
0xdb10da8c42b86f8c9bf697c8e5cfa12a69531f34,2.0,250.0,2601.0,2351.0
0x78fe22d699ac592a9465fe0b718ecbe349ee548c,2.0,250.0,2730.0,2480.0
0x7a8193f07288b53e09156c401fa734416a1774e9,2.0,250.0,2564.0,2314.0
0xf9fb10f5bd32ab0fc44c4881ed80547b97dd1f05,2.0,250.0,2435.0,2185.0
0x10984d829dddd3464b8c34a4327595d0cffd17ee,2.0,250.0,2266.0,2016.0
0xd955887251ee874599cf1e3d9b54a5af9c69057c,2.0,250.0,2360.0,2110.0
0x67653c323254a254995b6f6fa4b36148ae35677d,2.0,250.0,2595.0,2345.0
0xb86839a7d1fc8bd0359885c5a26c576adfebab83,2.0,250.0,2380.0,2130.0
0xc8c836a47ecff6a88be9b846bf188b9a594d7dce,2.0,250.0,2354.0,2104.0
0xf1f1e61861220351e903c3ec0eb3c17858d6f54d,2.0,250.0,2421.0,2171.0
0x2f054d431515c845a92666b4877095f6ef9d8074,2.0,250.0,2431.0,2181.0
0xd4b714346adc0abadbcc23d5c221e39f8206c906,2.0,250.0,2729.0,2479.0
0x6362c052e1c1e2a67709e722756f51dc30d4ddcd,2.0,250.0,2528.0,2278.0
0xbb4a4175fa9fd4786c6450ac9e2b13b837738df0,2.0,250.0,2628.0,2378.0
0xa8c0d8fba9aadd6ff44bafb89750eb23ba3bacc5,2.0,250.0,2680.0,2430.0
0xf74acbd85da3a13f2c082443bb730358afe24808,2.0,250.0,2482.0,2232.0
0xa7b9696a576dbc769b6f550fa73c987be11aae11,2.0,250.0,2651.0,2401.0
0xa3c2eea57e43f3435e88f446522faabca34cbde5,2.0,250.0,2473.0,2223.0
0x85b88bb87fe4d32abf8495932832c55304ba3cee,3.0,-1211.0,1287.0,2498.0
0x2ed532caa112fff46ae9ee6f408091ccbd9b703c,2.0,250.0,2295.0,2045.0
0x1eb8d706f1cea4cd7f3f905f202a9645fad8816f,2.0,250.0,2565.0,2315.0
0x416c7efd62d9c62127588e2ca590d5f5574cd34f,2.0,250.0,2479.0,2229.0
0x4367fc46afaeb4ae0dfa132e9066a1687ac5fa58,2.0,250.0,2337.0,2087.0
0xe1d077db3c1ab7732014483998c6b2905d18e1ff,2.0,250.0,2702.0,2452.0
0xb0ebede10bd75e83822c91d9ad438d0d3cf48ad0,3.0,2553.0,2303.0,-250.0
0x1726d52c702a2b538cefdf294aef343c161347b7,2.0,250.0,2277.0,2027.0
0x3582e7eb2c0ff788cc557ae3aceb481251abb2d7,2.0,250.0,2292.0,2042.0
0x8fc14898dde73794a314b329ba71fa185377b9fb,2.0,250.0,2738.0,2488.0
0xb6448003b2fc7b521b68abc46633a0beb2846cac,2.0,250.0,2496.0,2246.0
0x215edf7db97beb24ffbd9626cdadb4f2e3f377fc,2.0,250.0,2618.0,2368.0
0x4724a440bf59eaf2f7d5778e4a3f49e1bb808a6f,2.0,250.0,2322.0,2072.0
0xc91a213026877358dbbc6a7678482c15956be4d0,2.0,250.0,2628.0,2378.0
0x85c291daff341070396149ff9bbb5a9abb87b6bb,2.0,250.0,2690.0,2440.0
0x3850700e3056169fc9efd8d1e464fdaec3c69333,2.0,-820.0,1906.0,2726.0
0x52ee90729ef81127deefc5f28880675bdc7ce86a,2.0,250.0,2465.0,2215.0
0x0edef01c37fe839f5351ce2e822401793bac7443,2.0,250.0,2393.0,2143.0
0x47645416cb12727937a98d54c687b6d5ecfc8131,2.0,250.0,2550.0,2300.0
0xfe91da39c0610bfb5969ef0140d68a0a896c9fa5,2.0,250.0,2322.0,2072.0
0x1050cf215b08a8aa356ff0ea857cf4dc70eca071,2.0,250.0,2418.0,2168.0
0x706e5040b42550e12b834f89256d248c50a357b6,2.0,250.0,2523.0,2273.0
0x5cab6791e5a032c74d1ba6739ea022d85edcbd61,2.0,250.0,2599.0,2349.0
0xdde37d47d16997f2a98b77adc1f32c4bd6693b44,2.0,250.0,2571.0,2321.0
0x98abb08c2bcde12c583ab0ee49ccc36078226f38,2.0,250.0,2601.0,2351.0
0x0fb3528629b1532a5ad6f1fafc27a3390e5797e1,2.0,250.0,2277.0,2027.0
0x53993a4880615740110442ba1c58b9b54e011a5a,2.0,250.0,2584.0,2334.0
0x0a07ab9ad67a584874aba5b0d1da84162c5edd64,2.0,250.0,2474.0,2224.0
0x269fd6c6dbb32cfc79d12e97b0f9702c4bf20857,2.0,250.0,2305.0,2055.0
0xa9def3b6c008f337104f7575719a1bbbfaf1f85b,2.0,250.0,2435.0,2185.0
0x0030bccd15751fbbacc3cd03aad9e12687fcad6a,2.0,250.0,2395.0,2145.0
0x1e5bc944af2b2b8077f8547517f5642d237d6d77,2.0,250.0,2537.0,2287.0
0x285ad23ff9c9ba2761f7f4374721ca8534fab21c,2.0,250.0,2502.0,2252.0
0x96a670cc9a7b98b9bb0b0c3b4f6290833516ade6,2.0,250.0,2683.0,2433.0
0xa412ec0af4e34dd87ebc44c645973dc75408d2ae,2.0,250.0,2432.0,2182.0
0xa1b4bc84f28f96f4b2bc0f451168dcdeef4274b8,2.0,250.0,2742.0,2492.0
0x0609d3d9a2c3242bd94d1c4b75df8d643e420c36,2.0,250.0,2659.0,2409.0
0x96fe69324431063823aef495127af9df45aead13,2.0,250.0,2390.0,2140.0
0xf284fc40be03149778efe95869247057c6f8e8bb,2.0,250.0,2304.0,2054.0
0xfafb2c0dd630407e31156be0588b705210164acb,2.0,250.0,2315.0,2065.0
0xf7c082cbdec0cb5cd5898aca474fe7da16fd4155,2.0,250.0,2409.0,2159.0
0x0204ab6e84c4467765c73fb17a6f7ac00bd7d7dc,2.0,250.0,2575.0,2325.0
0x6e8fa04575adc506abadc4c762cb619cb6647a27,2.0,250.0,2392.0,2142.0
0x9abed90789777a386650d7fe2f26670c8b027707,2.0,250.0,2743.0,2493.0
0x9948dacc9babc8346fa5ea602f9218950a8d4262,2.0,250.0,2634.0,2384.0
0x9b61ad6631f04041ae8b710cdbc35207c2e35db5,2.0,250.0,2733.0,2483.0
0xfe4ce9d9a3d0c41abd1c03048acaf8e6a0d74688,2.0,250.0,2745.0,2495.0
0x59ee637c9c205f9047325a7057ee6ac839cca904,2.0,250.0,2365.0,2115.0
0x816917fb661d2279d4916706f2ddae4a5decd5c5,2.0,250.0,2578.0,2328.0
0xd096602fef2cb8b54445205241168cf8b74ecb28,2.0,250.0,2460.0,2210.0
0x78c3ce180528dbd8becb3f710c32a622575d9b85,2.0,250.0,2371.0,2121.0
0x369d8a0733d0eb4460671df12608b7486fc207e0,2.0,250.0,2745.0,2495.0
0x34ddb9a45f94c92a09385dedbb959b52becb5e9f,2.0,250.0,2309.0,2059.0
0x35f2257eed35fc97086dbd444671871e50193ba5,2.0,250.0,2427.0,2177.0
0x0c241b8c698854a093ba3a645e38c778490bc775,2.0,250.0,2697.0,2447.0
0xefe779927a61fc2d5160398a76e283207d7b0d7b,2.0,250.0,2459.0,2209.0
0x4412de80b5bcd58027289b2054da7dd67115b195,2.0,250.0,2697.0,2447.0
0x208bfbe12139801dcd78e665ce7f6c6f8dd4a2a2,2.0,250.0,2655.0,2405.0
0x6be2e3e27860d82d509022baeedd372696e34792,2.0,250.0,2712.0,2462.0
0xf56435fa279e5b0954ece370048f628c207464ce,2.0,250.0,2646.0,2396.0
0x204f6c7b007425a1600590d4d47c92dfdd13fa56,2.0,250.0,2301.0,2051.0
0x29eef8a2fedbd134d254423da96dd9f78c1cf703,2.0,250.0,2556.0,2306.0
0xcb21d80ac10577684ada9ac4aafca78b7c2e8260,2.0,250.0,2265.0,2015.0
0x644550098669c0d2a156ed6127f67881d96b7590,2.0,250.0,2329.0,2079.0
0xc1dbe7ac5cf016a751e72ec639a4f57fcd769493,2.0,250.0,2697.0,2447.0
0xefcfb8ed12e1f091dfcacbf9fac810bf2b551f61,2.0,250.0,2713.0,2463.0
0x376920ae4f28fb9bb90b1d17173f4a46968d6384,2.0,250.0,2424.0,2174.0
0xc580ed604570afd875388bfa9b9bda5f8c8b6ce2,2.0,250.0,2504.0,2254.0
0xff33ebe27d8ec9af7f10f4602a9ce6965c577da4,2.0,250.0,2409.0,2159.0
0xd39fb255261693e25740064f27f0d9ec194ff143,2.0,250.0,2633.0,2383.0
0x798149b4cb10a02153e30b61c6c0d68ee16e188e,2.0,250.0,2252.0,2002.0
0xb5593181052649e93939a674691d5a9a4b1e2ab6,2.0,250.0,2712.0,2462.0
0x0265eb9ec49108352372e85f5a472bd24f9a06d7,2.0,250.0,2259.0,2009.0
0xb4ce0a18310fbdc2a9a4d4d5ea2b0b4df6df218d,2.0,250.0,2285.0,2035.0
0x0a2d15c69fc0ae625385c20bfcd03983d378b050,2.0,250.0,2704.0,2454.0
0x05d3cd44661b0c5efbbb5e8a30e4442a1f9961d8,2.0,250.0,2544.0,2294.0
0xe2aa384c32754160cdf223a7e022249d03f84c4d,2.0,250.0,2500.0,2250.0
0xe94e47f30c1d9205326ee4fffce9bb8e68443d24,2.0,250.0,2439.0,2189.0
0x0e05a1ef4d993cc3b687975335c66520e368b671,2.0,250.0,2569.0,2319.0
0xf221065f1d42fde6bbf452b4298f7b23f563aa64,2.0,250.0,2435.0,2185.0
0x00cc4ad200ac460be9758c9f8a808d1f4543b1d2,2.0,250.0,2380.0,2130.0
0x1fb19028265fc8bf68960fb94833d0bb13d57b97,2.0,250.0,2505.0,2255.0
0x6c8b9f1bd694d5d2eb6a87dd8e02b5bee103e584,2.0,250.0,2448.0,2198.0
0xf89724ddae59c2367f357b05b8389de37aee5fbd,2.0,250.0,2372.0,2122.0
0xc870039f3ca73c9ad7f4683a9a51905b2db78f3c,2.0,250.0,2392.0,2142.0
0x2281656b32a0739d3a726c4e118992ac0f1c182d,2.0,250.0,2394.0,2144.0
0x963e06cf1119414132f73000e7590acb8b71f2a9,2.0,250.0,2621.0,2371.0
0xad78828bcb29e2c17c9035690a3f5510cc80fb74,2.0,250.0,2350.0,2100.0
0x1399c236c0aa8ba361aea53e657dc7dd6f52bd01,2.0,250.0,2624.0,2374.0
0x7a2d59778aefe891bfbad11ce3c77d9d1e086b9f,2.0,250.0,2342.0,2092.0
0x8ee84037551ce34d8100f89c95046e595a30bf8a,2.0,250.0,2416.0,2166.0
0x8a2aa1f2fe16ff7cd2b67845dc1ffc7206d2a00c,2.0,250.0,2638.0,2388.0
0x40e7f3a17252f454695cf28650ccf3c84f1ab27e,2.0,250.0,2434.0,2184.0
0xd01838a6c571772652ac0fe8f5467875344d0a87,3.0,2699.0,2449.0,-250.0
0x46096531765105877a2ac6281b8c954805e2db41,2.0,250.0,2261.0,2011.0
0xec8592ea5dff309d8ab3dbcce04e950a11c3303d,2.0,250.0,2386.0,2136.0
0x1345aa7f250827749f252e0216abee11177da470,2.0,250.0,2407.0,2157.0
0x8144f84d7045802095825b504e20b76f4a4604ab,19.0,-248.23838816,2482.76161184,2731.0
0x440603531b92ea1f0651caa278a1d440191d7d67,2.0,250.0,2477.0,2227.0
0xb983ec1fc8cac044691d90a3bf3775d40937c15b,2.0,250.0,2432.0,2182.0
0x9c1985b6d3b00aaf3689cf626a1e57f649028185,2.0,250.0,2646.0,2396.0
0x27223c1b29741d1c4ee87dc40a796c85fa17f696,2.0,250.0,2359.0,2109.0
0x072288bb5a87682f2c64de5d2bad8c7578a9f616,2.0,250.0,2258.0,2008.0
0x2768b64e74141945d78b964fcc601e0a3ab76f77,2.0,250.0,2429.0,2179.0
0x37c6e4dd8bf9acc25544301845f53f4140795dc4,2.0,250.0,2459.0,2209.0
0xea7fd37dbbe4ac99bb809217d75dea0f4c4f95ba,2.0,250.0,2298.0,2048.0
0xa5e56b441202660bfd4f9a091d69670fba86b748,2.0,250.0,2580.0,2330.0
0x0e5934cf2fe993240605d23a05e2af46eda1293f,2.0,250.0,2436.0,2186.0
0x474fcd44b92c9398f9d57135945aa43ca79137ea,2.0,250.0,2428.0,2178.0
0x120de45c1db66c3c23ffa55d3977315ff9c26b2e,2.0,250.0,2628.0,2378.0
0x50abd1f63d1fdb2fa96eb5af9074577b9b5b4fbd,2.0,250.0,2515.0,2265.0
0x4ad2c19e468e4a2a54f96732d25d717916692b50,2.0,250.0,2502.0,2252.0
0x7ef65938c1e09455eaafac7da5a1522cb6ff05b5,2.0,250.0,2535.0,2285.0
0x8f4895eddb1e37504dc29bee60f7cb93550f296d,2.0,250.0,2385.0,2135.0
0xb8cace732c03ed36a6584cda3cd2887702acf7f4,2.0,250.0,2441.0,2191.0
0x585f3342f5c88c815f51245d617e8cf39e77898d,2.0,250.0,2549.0,2299.0
0x88989220453f17103f326bdd365cbffd1f9d3775,2.0,250.0,2608.0,2358.0
0x5060768ac47a910206a9c57b1137eae58e30138d,2.0,250.0,2605.0,2355.0
0xe64606a52f9ef16896ad1a1394db91210eefb394,2.0,250.0,2608.0,2358.0
0xf91884a84e577430e007707579cd9518cbefecad,2.0,250.0,2609.0,2359.0
0x04c2207870fae2f3c5b0f5a00de6f50bc5a1f4cb,2.0,250.0,2710.0,2460.0
0x97effe5b09ae838932f5ce758d410d0786033a89,2.0,250.0,2700.0,2450.0
0x60adc76459fe29273e85d3100740151d5fb96101,2.0,250.0,2370.0,2120.0
0x0fd60ae6c5c2b1bbe90ce2f7b2c9d41f4367a247,2.0,250.0,2387.0,2137.0
0x8a1e8d665048feeac2d480ae82440f9d2443941f,3.0,-240.0,2506.0,2746.0
0xe95804acfb4baaa864aa6bbc6f1bb265b70aa66a,3.0,2579.0,2329.0,-250.0
0x151fa1f292cdf80324085fcf5aac1ad5cab63c45,2.0,250.0,2404.0,2154.0
0x98a85ffe1251f8adc35ad0df8bca07abe101ffd2,2.0,250.0,2709.0,2459.0
0x5476af1ebe5603efd1e2829e31c6b3f923f9c318,2.0,250.0,2737.0,2487.0
0x9ae2d79522ba8cf260045ecd3eea93c0e0d932b3,2.0,250.0,2697.0,2447.0
0x5b6b7ed2894e67a42965bc64a26ba53e34bf8b81,2.0,250.0,2502.0,2252.0
0x5ed22489635a28e37e4bee5133747ed9009b9d0f,2.0,250.0,2271.0,2021.0
0xc34073d6e205c20a7342a9493034e320bd233ff4,3.0,2637.0,2387.0,-250.0
0xc17fac2b4d5f663ea4de6d37f11b70bff8013ce1,2.0,250.0,2721.0,2471.0
0xed2ea321e1e034e6b5181127a858957ceed20d79,2.0,250.0,2395.0,2145.0
0x946ecc56c1bf22c5db98eeb11f7c0d40d0fa332d,4.0,-240.0,2221.0,2461.0
0x0106752eee3aae7085829516fd5dfb288ab0cfd9,2.0,250.0,2381.0,2131.0
0x4d5f3ea4831bbb7d617bd1c979ab5a64c43d086e,2.0,250.0,2302.0,2052.0
0x794d6c575f30ecf3c4fb5dac796ab328fd20b5d2,2.0,-770.0,1536.0,2306.0
0x03534e88d8ab9025b70fdb964bdf0221a5c82da5,2.0,250.0,2439.0,2189.0
0x985429cb79292b33348182e8453b85cdb67e9c83,3.0,2661.0,2411.0,-250.0
0x484d2d5b99d5fe447698b24ff28faadd0c1fed03,2.0,250.0,2596.0,2346.0
0x9020807276056e22ba7869a2e8fa42e535495826,2.0,250.0,2272.0,2022.0
0x1d22065d3de947828857a18c2200b9a81c045d7c,2.0,250.0,2366.0,2116.0
0x36f2ef97adbc58235e6cef6b87aef3cb36f583bc,2.0,250.0,2411.0,2161.0
0x69434fc4e04c1d4e1a48e936546854b47ae2878b,2.0,250.0,2457.0,2207.0
0x23906ecbf52a9c63741077862b56712dbf1b7e5c,2.0,250.0,2624.0,2374.0
0x1678efdf5717b3b10320ce469371b8c1b8e30c05,2.0,250.0,2275.0,2025.0
0xc8c749c0bc3a5ae90c32f803574004bd9fbfcb2d,2.0,250.0,2550.0,2300.0
0x20bd64397324744b0193e5a9abe3bb074919ba0a,2.0,250.0,2662.0,2412.0
0x0fbfc54308f9800921d9a0fc6d99b5931eebcc15,2.0,250.0,2345.0,2095.0
0x711013e4eb5b1e8db9c808af8247c2851442e25a,2.0,250.0,2419.0,2169.0
0x42fe0891abc6858895a6328146bc25eaff017a8a,2.0,250.0,2408.0,2158.0
0x931d4a37f492535c79732bc4b89efc1cf0261489,2.0,250.0,2628.0,2378.0
0xd13a5be762a89028d796a531a024f6b0612d9bf2,2.0,250.0,2445.0,2195.0
0xf53442152d6c1c7f19b36746c6d44ca148365757,2.0,250.0,2601.0,2351.0
0xd9a9607f59356b6ec9f13ba33f54e22364062428,2.0,250.0,2521.0,2271.0
0x62c2de7466dc3e8bd3e208dde873894c9d2c7da5,2.0,250.0,2722.0,2472.0
0x1873f173d456c2c1abdb2f809c2c7e881a8a901b,2.0,250.0,2388.0,2138.0
0xb9b235bc573bf3a95e479c0ab874334eae99e736,2.0,250.0,2441.0,2191.0
0x462b2ab8e60ea05be135cb22f8923744ce64b5b7,2.0,250.0,2375.0,2125.0
0x2ca20f70941afe6b9a8c9f88f6ce9f0ce608c7db,2.0,250.0,2337.0,2087.0
0x1f10d514995990f2a46990d1c254d7bb0ae5112c,2.0,250.0,2506.0,2256.0
0x547184ffe9c79909f9285e6e9529db0e7c8bcebb,2.0,250.0,2537.0,2287.0
0x056851f4ab0c70af33bdaaa95786a360cc553027,2.0,250.0,2516.0,2266.0
0x4f2511d1b2df204382e424ba17f98b7f6b6da61c,2.0,250.0,2279.0,2029.0
0x4c4e8360c4fdc1a66ff777592f5f95d2051fb95e,2.0,250.0,2598.0,2348.0
0xdc84721d7dfd27bd3a3c0739f7249e5284a3a4fb,2.0,250.0,2697.0,2447.0
0xd86fc68d688fab50c95ef44e10ffc589f32f7377,2.0,250.0,2742.0,2492.0
0x23daf81ea58657921ba6a68ba62d9267a0ed4bdb,2.0,250.0,2602.0,2352.0
0x3360ad8b794a9ddb1454365662f44da848ff29ea,2.0,250.0,2599.0,2349.0
0x12a6ebfd7a89a628ecb03ec1b2b55f5b169cfc39,2.0,250.0,2714.0,2464.0
0xe6bcb4e1baa5a52d4f7de36ea74bef312d39ad8c,2.0,250.0,2694.0,2444.0
0x1d6244833dd9d351b21d5add96abec25e6d4e28b,2.0,250.0,2595.0,2345.0
0x980c25bd596889e5d2202f9f31725210487e58d0,2.0,250.0,2740.0,2490.0
0xe0f355734020d6594f90d8fa31e0d83b9d2415be,2.0,250.0,2413.0,2163.0
0x91a370567d01bcf9b3a10286e6032a5efd27e0f3,2.0,250.0,2519.0,2269.0
0x43360fa08fcb7c5dd5c59616b1bb514cd4507fc4,3.0,2539.0,2289.0,-250.0
0xc34b3fc39400f8edd9515d643791b5f250b3429d,2.0,250.0,2683.0,2433.0
0x62e6e1b3e45293cd19f89474af18fd1f03d3aaec,2.0,250.0,2619.0,2369.0
0x03b925dcfefb46b1145752d309dc8e508343c1d3,2.0,250.0,2503.0,2253.0
0x1a6b5704a5f9d14fca19e8d187ef3211fccbab42,2.0,250.0,2471.0,2221.0
0xae81293c4c82e000ead76e03c1384f65678e0685,2.0,250.0,2310.0,2060.0
0x69508cfcb30c363397fa40fffb58a86dd32838bd,2.0,250.0,2335.0,2085.0
0x3c59dd60b715612b4ca7a58b9b617e627e8fc159,2.0,250.0,2356.0,2106.0
0x7a0cf1fd02fb49d08601b18cb8575b8578bfde4c,2.0,250.0,2558.0,2308.0
0x01a1ef7532b2d6c7c622734b01a009c7ed37e998,3.0,2698.0,2448.0,-250.0
0xec0bd7672e4f23fa2fe59d8e45c7338b83560388,2.0,250.0,2608.0,2358.0
0x8252f91cf765b2be7fdd04a14724a5966d2fa9e2,2.0,250.0,2346.0,2096.0
0x13a509ffb08c538b9b03f4d077f067a5d18cef60,2.0,250.0,2293.0,2043.0
0x08b743437f74ac6dcb583fbf8c95353683f491f9,2.0,250.0,2586.0,2336.0
0xc901f707ee10b200c44482f82fd9d3d778a7c103,2.0,250.0,2539.0,2289.0
0x7e73c4797c9f168b781261e20fe65de526bfa381,2.0,250.0,2468.0,2218.0
0xf3fd8151c4afb35c9f46077663ab100681cdfd80,2.0,250.0,2500.0,2250.0
0x24bb61a89785bdc85cb361e4bbdeed70bba5ef08,2.0,250.0,2595.0,2345.0
0x60b072f7ebdd81c1b8a127bc79ebf5a744b0d6ea,2.0,250.0,2389.0,2139.0
0xe12bdafa6bd5b09960d5d42b99c3493a726e6cb3,2.0,250.0,2493.0,2243.0
0x13ff78ba5eadf5de794e47526cf4cd5d286541b3,2.0,250.0,2619.0,2369.0
0x6cce656b30573b8d4260ef2189323a6955bfdcbf,2.0,250.0,2477.0,2227.0
0xbd963f96a280129a49aefd870d5f655a7b1a9e60,2.0,250.0,2618.0,2368.0
0xeae19e9f512d7522bfdbb34e4e86156bc4df1c3d,2.0,250.0,2299.0,2049.0
0x03caba4c54a3a052e5a96f8db4416f7e4feae495,2.0,250.0,2453.0,2203.0
0xb81c87834a5bb149e59cae42acb08ddb52e68a94,2.0,250.0,2412.0,2162.0
0x33b4d8a8c612d1f20d1b3fda9f42f0ef377bab9c,2.0,250.0,2287.0,2037.0
0x870efd56b4862625c99ec21c8752a9df1a936135,2.0,-810.0,1912.0,2722.0
0x93aa2d4ccb5a7e687245f8201c2ac837bf40ceb2,2.0,250.0,2345.0,2095.0
0x33fd00da4bd3cf12588c3b9eaf726c3047a8ee37,2.0,250.0,2364.0,2114.0
0xcd2564b2669b6c5290a35774ac86d9ddfd5957cc,2.0,250.0,2747.0,2497.0
0x7e1ab93a4306483f655ac894a33dae6f769f74c5,2.0,250.0,2258.0,2008.0
0x627a54bff523f6c6817373641fa055c16962c205,2.0,250.0,2421.0,2171.0
0x2b4864e76ae546bf93d4e6a4dec91f0b5f24b887,2.0,250.0,2532.0,2282.0
0x8579d30993243f64a6274048c2c7ba4b3377de19,2.0,250.0,2747.0,2497.0
0x15ec9c0fd7def314cfc4ec529d76631845563e62,2.0,250.0,2334.0,2084.0
0x412a5a00a134d1a17ed393fffd9deceae0ab35f4,2.0,250.0,2478.0,2228.0
0xf06334bdfe2fb0ffcfab2782d2f2af27736c2a34,2.0,250.0,2259.0,2009.0
0x4bd57ea5a048e18496711264b423693b42eb0743,2.0,250.0,2660.0,2410.0
0xe27c6f927840e3930e6d9032dced89eb23ecebeb,2.0,250.0,2335.0,2085.0
0x628ea69e348e9a7e79cdf086306ef562b694b1d9,2.0,250.0,2579.0,2329.0
0x96aac0598776d74ccd00c64466c03bd85749d8f3,2.0,250.0,2410.0,2160.0
0x4bdf5762f0525e651dff53bd0de25200c0f1d151,2.0,250.0,2447.0,2197.0
0x0a1fc7c435e1167857f22442f7f331ccd852fc4e,2.0,250.0,2747.0,2497.0
0x0c4bac3bc441b9cb7196cd218a764e361e3f7a24,2.0,250.0,2677.0,2427.0
0xf99a680d5eaff779b9896e86b7212e11b9141388,2.0,250.0,2480.0,2230.0
0x6633c90e543f4dfeaf0d1329a2a03f6c993888ac,2.0,250.0,2578.0,2328.0
0x6e21a7e3b8736427324f4e0aecf187406590355e,2.0,250.0,2376.0,2126.0
0x8ddf803e084ecdc41d77a4a98598b689fa6c0bfe,2.0,250.0,2312.0,2062.0
0xe4056f39f26464432ba468c6439b6db8a3b70bf3,2.0,250.0,2481.0,2231.0
0xf935bdb87a5d1082ebc2592ab18eacbf2d04dc0f,2.0,250.0,2674.0,2424.0
0x47681e8c7376f0974c8872ea26afaac1bc665c57,2.0,-950.0,1737.0,2687.0
0x4972a4f15680e3bfff19a32e6ccb7ef7eadd288b,2.0,250.0,2722.0,2472.0
0x9188a6d9d02413be6a1d139268e57eed7cb451cd,2.0,250.0,2464.0,2214.0
0xa567e4524eab327eb46e7d7f0b4037e9e44f21a2,2.0,250.0,2707.0,2457.0
0xcabc7f7012a123aa099ca2fbaf301d7fa03ba306,3.0,2774.0,2524.0,-250.0
0x5319b1d129e6b5346b37eb31ea8173b99b83dc66,2.0,250.0,2609.0,2359.0
0xbc568cda99e952c95a81abe4949cb6359a85e5a1,2.0,250.0,2474.0,2224.0
0x32607ecf99b8d21be5c2d9550340e9c59f6aa209,2.0,250.0,2590.0,2340.0
0x1cff44e989b504b4c1317593a9eb734dfb370e1b,2.0,250.0,2445.0,2195.0
0x720f5a67b9b0fa2b5f701cc09d3955197add799e,2.0,250.0,2642.0,2392.0
0x48085d8f1e34ee7dda1acd87c2690fcc4cae7f42,2.0,250.0,2623.0,2373.0
0x8f4a0ca3536b14bac7a8928a19409a93c81f2e60,3.0,2737.0,2487.0,-250.0
0xfda9f6fc728a1ca5c585083589592c0e027aeeb3,2.0,250.0,2405.0,2155.0
0xa36c8278d295d0a40607c7f260e61dfb2e660d71,3.0,2500.0,5059.0,2559.0
0x63c47d303e7eb3744db66747eeaaa71fd0c3a0bf,2.0,250.0,2744.0,2494.0
0x0d43f98ddf28b8e54c70b67b987df20d1dc9c8ad,2.0,250.0,2630.0,2380.0
0x35f13e23a6873030070bdd81abe3bff930a61662,2.0,250.0,2414.0,2164.0
0xac02084ae3f3dc501a2de0e58c9005a039b3eb6e,2.0,250.0,2586.0,2336.0
0xb10e37bc72880539cfd8f9149363a36809dd6443,2.0,250.0,2562.0,2312.0
0x0454539f5c274b9608bd69d8ae98fad375d07d76,2.0,250.0,2290.0,2040.0
0x6d134a0be8d20b5ab06394ced9f9b8661c3ee6dd,2.0,250.0,2435.0,2185.0
0x31cc3271f55599a73a56413a924855eb0c27c908,2.0,250.0,2502.0,2252.0
0xf14c49226ece105134477b5cee416faf16e1c837,2.0,250.0,2721.0,2471.0
0xf8e3c600fb3bb321a3a76177d2570886f9e35e8c,2.0,250.0,2498.0,2248.0
0x0b7c291dcf6d64ee9aa81dfcb3f7f0314f17447d,2.0,250.0,2375.0,2125.0
0x218ae105e19713fec6e36a16ebe6bf38498663c5,2.0,-249.0,2422.0,2671.0
0x6bb0144007733f2785dd599072557a28530744c8,2.0,250.0,2695.0,2445.0
0x5eb5aec9d17655a313d2d2008c4073ddbb9abbd4,2.0,250.0,2251.0,2001.0
0xe2c49ab9500fce4fe79eacae1da2a38fa6b8a6cf,2.0,250.0,2455.0,2205.0
0xe348bbe6ab0345bf13c6db99691ab75f0d4cf06b,2.0,250.0,2322.0,2072.0
0xe4d1ccbeaa4c096647a05d5dbab4c73b05f6fa93,2.0,250.0,2256.0,2006.0
0x85204cf95699ab64a8e2e16d3ad72cbc9dd7fb54,2.0,250.0,2378.0,2128.0
0xbe143cfa3fce9c709c5860a24045deda3738f9e6,2.0,250.0,2362.0,2112.0
0x147e16b04131f61cccfd4a33d0cd3dda1601e235,2.0,250.0,2608.0,2358.0
0xa0ddee9a5091937ca4359211ae84a1887e26908a,2.0,250.0,2326.0,2076.0
0x52563690830427213c8dba665f50acb30c7d4b2c,2.0,250.0,2283.0,2033.0
0xf44f39b45b5b219762c15ca9c76c09a91346e6d8,2.0,250.0,2287.0,2037.0
0xceebb78fa95c1c069a03c0f211849495ca1decd5,2.0,250.0,2314.0,2064.0
0x4752cee9b1e5250ef6e65a2ef4f7cf7de99ad7da,2.0,250.0,2365.0,2115.0
0x58908c2ca38f71b213b310acb9b1452ac2a8f79f,2.0,250.0,2698.0,2448.0
0xd63d6c76b655ed1c43ae8ca5c30a9266175bf0a7,2.0,250.0,2367.0,2117.0
0x4e5b8f5f67b0dfa61697a05731492f90243e9b8c,2.0,250.0,2448.0,2198.0
0xde40f247af03310b1898ff6bb63fb5e27c56c630,2.0,250.0,2576.0,2326.0
0x59f49c3922e37cf7fca3242c613fa4b3cce99f29,2.0,250.0,2426.0,2176.0
0xa10f6e1274d9815a80b20c167dc3d4f165101fff,2.0,250.0,2568.0,2318.0
0x3052bca2ff99f57193626143697d0f51884ece75,2.0,250.0,2367.0,2117.0
0xcec5d5963afb9cd80e36bc1381c474cd19224698,2.0,250.0,2593.0,2343.0
0xef08bfb178b4c4d03df4c4cd562930bcc2d28ee9,2.0,250.0,2343.0,2093.0
0xb2d32ff813ab63d281206def03e15793e2dc735e,12.0,1992.00000005,5e-08,-1992.0
0x869f3de902f579a35c937e113f1916984e061e8e,14.0,3338.0,0.0,-3338.0
0x12abe875a51186adfeb2871d2e07acd1c9988c51,2.0,250.0,2287.0,2037.0
0xff86428207e9eed72a16ff55b5afded61f30f44a,2.0,250.0,2343.0,2093.0
0x14deba5922a46cb7aa7e43fb7fe8ecb76a539ba5,3.0,2892.0,2642.0,-250.0
0xa3bfa2cbcef5834d6182bbab8d16d88a445f0208,2.0,250.0,2672.0,2422.0
0x11f3a818a329424cf0ac694859ed42097cb6a60d,2.0,250.0,2536.0,2286.0
0xb38bc2a3c79c47783797fcc311aa5016b2ca2700,2.0,250.0,2354.0,2104.0
0xd2b1b6eb79ef6fc9534691d02427fb187f79bf71,2.0,250.0,2518.0,2268.0
0xe9a0bbae90a757a7255b5c44bf541adbcae90f34,2.0,250.0,2265.0,2015.0
0x67760bfdc27a9126f9925df85dee43afc20f8750,2.0,250.0,2734.0,2484.0
0xddfc181aaa3a840b9278c05ae82bee29aa3f6028,2.0,250.0,2304.0,2054.0
0x5b2a6edd7c45ef8c9a03f6a48d817b3675e482c2,2.0,250.0,2736.0,2486.0
0x12e6a83d9f794454d1282e186ec7db0108279551,2.0,250.0,2310.0,2060.0
0xaeebd10dd0b21d8dfc07bc51e5703890a6632611,2.0,250.0,2682.0,2432.0
0xbe9a3ef96c1d8d5ec454df00d90292f2d689ad08,2.0,250.0,2748.0,2498.0
0x3155b46b4a0ad4922345d57e5458309c7fde9c3f,2.0,250.0,2371.0,2121.0
0x31ec4eb5af52b0173898b588101c3b9a4d505700,1.0,0.0,2206.0,2206.0
0xa63690cf99b5aa66b3668c00a632171672e0dd49,2.0,250.0,2664.0,2414.0
0x58b8febe1949d41c8829d5b0f86808e2bd2c72f7,2.0,250.0,2603.0,2353.0
0x605f677e930986215f2fa21ebb8accc5adb31704,2.0,250.0,2448.0,2198.0
0xd54f7eb6c379eb3e3cf8d054eede66f8178ac1d0,2.0,250.0,2423.0,2173.0
0x580d7ba10335d87434129ac22069cc80f02a1a68,2.0,250.0,2651.0,2401.0
0xed66475cd0c7178b2b4496bb12521052e746e14c,2.0,250.0,2653.0,2403.0
0x41d5502f5e6a43a40fb564c36279da88f8776b02,2.0,250.0,2521.0,2271.0
0x7d31f4db3a3288d52b2833060350c8e3c05eb1e0,2.0,250.0,2677.0,2427.0
0x9706731bedb7ebeca56af512ff98918b15aceaec,2.0,250.0,2702.0,2452.0
0x8beb2f1313eabcf7bd70876e919a3ab7205e69b6,2.0,250.0,2362.0,2112.0
0xb23bc815cdad030a2a9bb926e7cbe604bf9d032e,2.0,250.0,2587.0,2337.0
0x54c25ec056c953e8e835b0930ed35ed74a39381b,2.0,250.0,2724.0,2474.0
0xfba2d65b0f0237376c012f854f1e4c29bd846eb3,2.0,250.0,2501.0,2251.0
0x0a7b0cbd306ec0d1243153e14747ebc04f5ec969,2.0,250.0,2733.0,2483.0
0xd975f818427434b291156802e9daaecbc530fc6b,2.0,250.0,2252.0,2002.0
0x242bbf8bcd22783f6ec46816ca18fd7e19b181c1,2.0,250.0,2746.0,2496.0
0xf6266ed10444c0d027dcfb655669b7f69891ef36,2.0,250.0,2565.0,2315.0
0xf1a1b10785d7b11d9275c35676b0c26ec1cef957,2.0,250.0,2609.0,2359.0
0x6a4ebb1d619f914b3954b8f65e0fb5d4f3dc987d,2.0,250.0,2639.0,2389.0
0xdc76ca086406bc186c08ab10fa2cf175bbed045c,2.0,250.0,2423.0,2173.0
0xa60308d8042909b44dec8d8fc858571ed1a40d99,2.0,250.0,2668.0,2418.0
0x58989a79aa94a140a16b29aa78c6ce6408f4b4ff,2.0,250.0,2395.0,2145.0
0x772e1fe6995c9cae536892b81d1984248707059d,2.0,250.0,2271.0,2021.0
0xb90674e83fbd96764aaaa98fab4540aecc1b250d,2.0,250.0,2745.0,2495.0
0x3f951d585e24627038702afa0d14fcbb4d5f39f1,2.0,250.0,2519.0,2269.0
0x9ee9167a1b7140db3b2b5a773ab9841e50739c1e,2.0,250.0,2530.0,2280.0
0x52ea1118c93761f3c1bb413e1e2e3d190cbd8567,2.0,250.0,2555.0,2305.0
0xafea17c1fcb07222d380ae64367270899236da42,96.0,2000.0,0.0,-2000.0
0xaf8b2b9fb7f533e00e5a79eae66f52ce97ca99bf,2.0,250.0,2384.0,2134.0
0x1798ede06579bd97fb8a2ba5cccbb7c1f49f15d4,2.0,250.0,2519.0,2269.0
0x9425740f16c4595f3dad5b4b87485985c5af77fd,2.0,250.0,2618.0,2368.0
0x21437274276a64de73112f7ae6b6fd8ad90b7e7a,2.0,250.0,2659.0,2409.0
0xdb305fe0f4df3ea2e39272568d7d1f1967581b3a,2.0,250.0,2255.0,2005.0
0x7ffb62a720541328a60040ea66e2a13f6602b653,2.0,250.0,2413.0,2163.0
0xe8c689146dda2c8ce7842507c8329f0e5624712b,2.0,250.0,2255.0,2005.0
0x5161e1179983731ac3fb6b7d4ed7458658ddcc46,2.0,250.0,2337.0,2087.0
0x9bee3a299c1d53c19d476a7122b6a81eded5bc2f,2.0,250.0,2635.0,2385.0
0x218304face65c170e1b0fc78bd354ada90361cec,2.0,250.0,2748.0,2498.0
0x6337286e17ebc6efee6c19f2c0f5e9f714f9d2f7,2.0,250.0,2404.0,2154.0
0x999288c66890dd8902f8a16128b9af75b74673ab,2.0,250.0,2285.0,2035.0
0x4c5315d5cc2840deabd98a07e9191648fa966ec2,2.0,250.0,2658.0,2408.0
0xef7ae58e3e7e4ebc970921dc0e6df1ab1a6a8ed0,2.0,250.0,2462.0,2212.0
0x1ad84d8008e8a6519f93553cc4ddaea2b8f1f000,2.0,250.0,2388.0,2138.0
0x139a044e30dc3e15d16787858da629587f49d574,2.0,250.0,2542.0,2292.0
0xcacc467a082ee32e705ad044b01653182bd85221,2.0,250.0,2277.0,2027.0
0xaeebb7431bb8009bcbd7d502b6c2cc0df14480b6,2.0,250.0,2542.0,2292.0
0x24ab763a6222295532cb4817a3f69911c8f407c1,2.0,250.0,2474.0,2224.0
0x98d99cb8524583c62ee4419e3737434b9eb75c0e,3.0,2610.0,2360.0,-250.0
0x285f6abae7fc6b3fb4dc909bc585d1afe30224d4,2.0,250.0,2427.0,2177.0
0xfe3977f1d1672d6ad4b243a49f670f39df089825,2.0,250.0,2733.0,2483.0
0x705408c7f1db7c3fdd604482c278f3f4f56cb8cb,2.0,250.0,2687.0,2437.0
0xd44873631c86334a3d5aa37e1c829143a13fe460,2.0,250.0,2495.0,2245.0
0x9f5a5b05c377b9c65d96f0d528fb1d99a1b84d08,2.0,250.0,2728.0,2478.0
0x60a6881ab922ddb0edaacec93634405f2cff4544,2.0,250.0,2638.0,2388.0
0xafa661a95c91fd5869037c30e6f7bc97cda039fc,2.0,250.0,2440.0,2190.0
0x7c803dac279f5e1ad5bacf774a1356234accd562,2.0,250.0,2520.0,2270.0
0x829ac7ffd3bf514f8bea587c14443b515f04a4b8,2.0,250.0,2738.0,2488.0
0x5990a86701bfbd339049b64989ed58cb0cbeab18,2.0,250.0,2677.0,2427.0
0xcde8a31166fb8432df62b721b9a4bf2f37ec9292,2.0,250.0,2414.0,2164.0
0x940342f591d87630e11ecf80534fd0f27aa25690,2.0,250.0,2661.0,2411.0
0x345e193951d0a2464987fe50c1a7d7f54f62c4ff,2.0,250.0,2643.0,2393.0
0x4f713c0a826f4ed6356c40c557a7a92d2cbeeb9c,2.0,250.0,2320.0,2070.0
0xeb396220477dbc18ef94213c5ada2b3a578685d5,2.0,250.0,2396.0,2146.0
0x95af30787f5a91748e6d6ebce5e6ad14ef324f4c,2.0,250.0,2366.0,2116.0
0x72cbe63f8c1587ce6c55d2c463ae889fe81122f3,2.0,250.0,2542.0,2292.0
0xf661422ff06996c9cbd1d6ebc09f967157de6844,2.0,250.0,2542.0,2292.0
0x4ed60df11debf1113c1bc81a075987144c4eadfa,2.0,250.0,2330.0,2080.0
0x917cf81a07181b6f68c0010490707a70836dad8e,2.0,250.0,2615.0,2365.0
0x2fe47be632a29b07d9004f9369e8c1573ad4eeb7,2.0,250.0,2331.0,2081.0
0x819fbe2d1162d99b06c1481ed29335b271a89a57,2.0,250.0,2549.0,2299.0
0x489e3ffd765aa667ab8557264f0934a8bdc0d68a,2.0,250.0,2451.0,2201.0
0x53b7b5981f696e2c77f6c85c1f158bc1cf649efa,2.0,250.0,2323.0,2073.0
0x3b640061235d7b85b9795156b015194320943150,2.0,250.0,2661.0,2411.0
0xd6d4eb755f7e065d4acb8cd756f836fe4bc99e9b,2.0,250.0,2277.0,2027.0
0x8470d56dad15d46e35d43f7ab28c8b54e138dc9b,2.0,250.0,2733.0,2483.0
0xfda526e4314a66f83036348e8c337ea62d11d6ea,2.0,250.0,2580.0,2330.0
0x713f46fac498d4b08949f5cfd68e00936481aaa8,2.0,250.0,2513.0,2263.0
0xbbc80ada0cceffb029a9d377bb2121904ac1515e,2.0,250.0,2480.0,2230.0
0x47bca8875afc3a5c90ec3358c53e74869308acf6,2.0,250.0,2634.0,2384.0
0x303e62ab1a0b546f09e4dd74577ae9eec5c53399,3.0,2615.0,2365.0,-250.0
0x47c47501ff7221e89a3e8af1384b594fff2e8420,2.0,250.0,2711.0,2461.0
0xb68c4bcc59870f536cca499ca881dfc7dc30cca3,2.0,250.0,2329.0,2079.0
0xe7e3a02a627d48c2e053092c033ce43f2deee318,2.0,250.0,2640.0,2390.0
0x6424f5990479f12e78cf525be896298896c24e04,2.0,250.0,2475.0,2225.0
0x4ef1f4a3ef00e7f8f2ac5d67f33a0e0ca7115da1,2.0,250.0,2330.0,2080.0
0xb6eee6258475593949a8c858ba37dd8dd88fd885,2.0,250.0,2351.0,2101.0
0xe58340e26c18f3c83c533339c3ff7cacdd576e5c,2.0,250.0,2598.0,2348.0
0x78f01f6465e816df7d41ed4c3c77902545d3df13,2.0,250.0,2454.0,2204.0
0x8fae1dbc733c3890251f45419ea9c55bb7e0d6f7,8.0,1243.80820197,2523.80820197,1280.0
0x33d8d13d16bafc9e47059ea01775ccafd153ccb4,2.0,250.0,2704.0,2454.0
0xc8c6af248dc80bb894d4933a9c800d0d91dc753d,2.0,250.0,2704.0,2454.0
0x795a920d3e93ade1f4033e66eaec4bd41f861628,2.0,250.0,2749.0,2499.0
0xdde2b098a38c834791659777ebf6fc60587ebd9d,2.0,250.0,2490.0,2240.0
0xe3f10015c040f8e4607d19230c1419371a1fe7c9,2.0,-977.0,1747.0,2724.0
0x2ec7cf6b95ce0f65db61bc2e76d458f0d070b864,2.0,250.0,2554.0,2304.0
0x3a6bb196967b905e3c80a822da060b37241078f6,2.0,250.0,2280.0,2030.0
0xa0c1b0511f1ce8488ecd37a9759bd8377c3b3ebb,3.0,2754.0,2504.0,-250.0
0x882793f4b95c2c9513561ac9c490eceda00dbc43,2.0,250.0,2371.0,2121.0
0x1ab24cd2067058e04c4a16b4f75bf2014efa7559,2.0,250.0,2436.0,2186.0
0xe76dc3906f43987c1e73d31c963e3144419a8433,2.0,250.0,2268.0,2018.0
0x19dd56dd8488095760b98f23d31c38f2b47a3a07,2.0,250.0,2504.0,2254.0
0xa864391a411e043aaa24b1022ef7dd075e0ea321,2.0,250.0,2412.0,2162.0
0x6b25af25ffac97f9a26a513a936a84e03cc6771e,2.0,250.0,2373.0,2123.0
0x1182797d8c83e512322e722d8d743ecd31a30e39,2.0,250.0,2744.0,2494.0
0x97bd1b7339313ba86ef6e127f30f1395be867de7,2.0,250.0,2315.0,2065.0
0x4ef590b0e9e070fa858785b877ed0d1e284871c1,2.0,250.0,2578.0,2328.0
0xee94335f54a11773b50e64d80e3b82ac97171573,2.0,250.0,2719.0,2469.0
0x13222da1c1de60dca960b34688781b7e9641f066,2.0,250.0,2304.0,2054.0
0xaf2aa3639d43f918f17d201979d10ebc394aa525,2.0,250.0,2694.0,2444.0
0xa0cad0b4a9d66f0547dfc73fe3ce74266444e82c,2.0,250.0,2402.0,2152.0
0x253c631409c8b20af5b8627a9adfd33d3b755c3d,2.0,250.0,2573.0,2323.0
0xaafd1eafa2bae7cff366ba8a5c1b503e48419c06,2.0,250.0,2424.0,2174.0
0xa785de588263511fefd20c5cd508749f8eed3118,2.0,250.0,2609.0,2359.0
0xf2c977d26da75355ca3ddedeb8c8fa2e2bfdaff8,2.0,250.0,2675.0,2425.0
0x4e077af96fa7335600ee8274a899c5ec1ee5d47b,2.0,250.0,2468.0,2218.0
0xe8429135d034c5f25de477803ec55e848d30f2fa,2.0,250.0,2373.0,2123.0
0x4792c3a753558ac84f1291359299e0ae1910e8da,2.0,250.0,2398.0,2148.0
0xc0378918d53f0107ee154b27a7bdb582afb4af0e,2.0,250.0,2264.0,2014.0
0x26a8a064f22bd46d4964f5c94613b294301c9c6e,2.0,250.0,2725.0,2475.0
0x384d78f4c03f1104754ef0f52351885d27c511d8,2.0,250.0,2621.0,2371.0
0x879973e404c7bbf165070fb2edefa7042ba58e66,2.0,250.0,2345.0,2095.0
0x28427e6c59795606adbc5166e2d3414beab2dcda,2.0,250.0,2679.0,2429.0
0x2b3ea038e1eec4b84609fa164ade518a1efe77dc,2.0,250.0,2571.0,2321.0
0xc46acf54125c709917acd5ac4bbc5bc940b0179d,2.0,250.0,2280.0,2030.0
0x26bfb097ce2f176a6fac63574502e83fd732d05b,2.0,250.0,2457.0,2207.0
0xb5d508bb22fe3729577a6613b3d46ae932456b01,2.0,250.0,2258.0,2008.0
0x58fc72d54fbb5d2a19df9684ee8a036bdb4f209c,2.0,250.0,2635.0,2385.0
0xa2bcc3df14597b3c38bd33c54baf582f608720d2,2.0,250.0,2507.0,2257.0
0x6619bcff91dfe36f2dde3e3fdaf1272a855915fa,2.0,250.0,2250.0,2000.0
0x49b543bcae614bdcc8b10fd8713ae2352751d16f,2.0,250.0,2469.0,2219.0
0xa37a4e9554efd1c402ff66c62cba85a4a9263b5f,2.0,250.0,2453.0,2203.0
0xc66274cbb6cf3fb0fd8b79f6f26ce58fdd69838b,2.0,250.0,2580.0,2330.0
0xac3a705758eeec1389c7acfd8cac80b666245b96,2.0,250.0,2349.0,2099.0
0xc854f3bd2805195d9e8a91ebdb9754ac998591c1,2.0,250.0,2532.0,2282.0
0x600b578f3be5b805c409222328f36cbe5e48cf41,2.0,250.0,2506.0,2256.0
0x0cebc844828350371936498ed52c3eea963ec3a8,2.0,250.0,2568.0,2318.0
0xb5212822751073c9bf31117b7801713d53e78258,2.0,250.0,2578.0,2328.0
0xac29dc8655358d880e1561588f2b0e6463d86a0a,2.0,250.0,2701.0,2451.0
0x9ffd6ddd2752b3a8ac8353cfef3b911d7c15a87c,2.0,250.0,2637.0,2387.0
0x21b152909427accc099736372a76056b4c79fd75,2.0,250.0,2254.0,2004.0
0x14a4bc969f1e3360c9f40153f3476fd6ef3df51a,2.0,250.0,2515.0,2265.0
0x4a1399ff27da2f42a69957ade9538a6a14d7e76a,2.0,250.0,2433.0,2183.0
0xe4093f1ddfbc67faabaf62e6591a78f4a2a39f18,2.0,250.0,2435.0,2185.0
0x28166f98d9816ce95bbc32d9cd1647d69ac6f519,2.0,250.0,2585.0,2335.0
0xbde064037fc47486410ca57e51a5527f709cebbd,2.0,250.0,2258.0,2008.0
0xe77fa59b928c19c64af97d2a90bc5f7cc0f9d6b4,2.0,250.0,2362.0,2112.0
0xafac627c1abcd906950c14e3c5b31d7c678199fc,3.0,2606.0,2356.0,-250.0
0x6b9e5a59b90897230251b9533b89345cf0eecf49,2.0,250.0,2406.0,2156.0
0x8c7d0f7b974e26fa5621e4ea76a229558410b3a9,2.0,250.0,2703.0,2453.0
0xcb8d3b31513251dc5ee51e8cb99a20ab66a61789,2.0,250.0,2712.0,2462.0
0xd7217d39bc6354c7b99fc957fc9c0193d3dae367,2.0,-250.0,2177.0,2427.0
0xfcd1381a787b6be0225b2999c4d735635e914892,2.0,250.0,2290.0,2040.0
0x96d01b67617567cb01c644f5577db9296859a4c0,2.0,250.0,2589.0,2339.0
0x15dcdeb1f86a432c7cd8d02bde12f091b0957a00,2.0,250.0,2373.0,2123.0
0x20941a47cb383c9259a2121fc8fa12b554e973ff,2.0,250.0,2685.0,2435.0
0x823a1dc24c70505fc7c630e7f9d014382d098520,2.0,-250.0,2395.0,2645.0
0x2b755aeeb0694ea5321f204088e7a3fea7aba583,2.0,250.0,2589.0,2339.0
0x975675a8607daaec0b0b9cf20bf85fba86a5300e,2.0,250.0,2582.0,2332.0
0x4b2aad39f618c994f7704cce5b8514d22429103d,2.0,250.0,2695.0,2445.0
0xb86982fb8f98b47416f0370066b12b927ddf33c0,2.0,250.0,2685.0,2435.0
0xd13bc1f336248b3b93e3790a1ff81d8b3cd4e53f,2.0,250.0,2511.0,2261.0
0x3689e108ccf5fb709083b493de3206fb45e4308a,2.0,250.0,2515.0,2265.0
0x9374857881aa48fdbd26c06f920256a4773ea00e,2.0,250.0,2298.0,2048.0
0x43535ca3ddb74f97474eaacdca1665702344c650,2.0,250.0,2266.0,2016.0
0x2e4c0465c9eec0b86f840491e95275641b9e01d8,2.0,250.0,2534.0,2284.0
0x4cb2b35700310e2f7d59d34c2242aa06dd7b844e,2.0,250.0,2367.0,2117.0
0x179fa68d317ed49498d7a911d886d99190ee47c1,2.0,250.0,2721.0,2471.0
0xefc52052503a39a2c3d9ca66a96b3cc219100cce,2.0,250.0,2545.0,2295.0
0x8c09d0cc2e7cf3bdc535f0a61420ef100066e344,12.0,234.04360106,234.74276146,0.6991604
0xd64010c14f97f29fb6804f8c2d762000a1c1987c,2.0,250.0,2463.0,2213.0
0xa5d30f2743013bb56acbf7b64c8a17a2945ba005,2.0,250.0,2738.0,2488.0
0xbc726c33796e4a00f78bfc6a0a01788f71ef2cb8,2.0,250.0,2322.0,2072.0
0xe57029e0d01c1d9a01737415902982c1b1c4bd04,2.0,250.0,2721.0,2471.0
0xd3848cb00bd5837227491e598d795eca197365ec,2.0,250.0,2370.0,2120.0
0x64a098aedf6f8847620d67b4de10d8183cc4caca,3.0,2668.0,2418.0,-250.0
0x7f2f98b0fb3c59fdcd52719e926573b535761ab8,2.0,250.0,2378.0,2128.0
0xcfc14554bd47a22e12104dd61ea8186f2290ed3a,2.0,250.0,2594.0,2344.0
0x752d9374299f54c2972ffa338fd99437173b0a45,2.0,250.0,2519.0,2269.0
0x2fb028b6c02ab20b72d006e15a43a75897647835,2.0,250.0,2424.0,2174.0
0xaac8c7c7b5f5c6d19e4c41fb79639cb5541caccc,2.0,250.0,2482.0,2232.0
0x573633e626170917f889222cbdc68c9cfa70cb97,2.0,250.0,2417.0,2167.0
0x17e72d41d42b60d4a641f470835c6fe7502d31f7,2.0,250.0,2725.0,2475.0
0x1373da80b86e72d9ce68be75131fcead80e216dd,2.0,250.0,2636.0,2386.0
0xdf715fa4edca97d6af50a1375ddfbe86a1c8a4a4,2.0,250.0,2687.0,2437.0
0x7516759f9483250eea950ab9f10fab0bc460ca93,2.0,250.0,2646.0,2396.0
0x43eb5f9afafdbc0be07c1ff120113f9edec28bdb,2.0,250.0,2369.0,2119.0
0xbaeb3b545a0c0efaea8f9d9bb9516c242f7e9f63,2.0,250.0,2530.0,2280.0
0x9f8a0890d1916d71fe16f62bae01018a54d4d9b3,2.0,250.0,2437.0,2187.0
0xbe5dc5479811726d18beafc09b50542667e3b5a6,2.0,250.0,2462.0,2212.0
0x32d131a74ab6d79339cdb858d79901aec484abd8,2.0,250.0,2395.0,2145.0
0xb5946b1d5ec383229fecf801be09dc4f48bc8cf6,2.0,250.0,2742.0,2492.0
0x38dbc43c3dc82a291cd38f8916138b35ba56540a,2.0,250.0,2631.0,2381.0
0x5ed613bd086c4b0739b9e3579cfe476dcfe3d73e,2.0,-249.0,2294.0,2543.0
0x6e7cd6fa01efb98de7c5266c3b0cbc77e9643b24,2.0,250.0,2664.0,2414.0
0x5cf21bdaf6bd36ab11211463ad4974a63216e1d5,2.0,250.0,2269.0,2019.0
0x16ff0f5396e05e4d87e5af61f28b135cd78c2fa0,2.0,250.0,2518.0,2268.0
0x9f1064c721a72b15e40caaa651303c44a00af01f,2.0,250.0,2296.0,2046.0
0x00a2975bf2a3b869a344bb08500423deaf47151d,2.0,250.0,2485.0,2235.0
0x88fd75b4e0c98a591e077cf83ca4c1b1dcc549d8,2.0,250.0,2381.0,2131.0
0x309c6f4c06b42e1e7d81a0a3f6e41b97322a70ed,2.0,250.0,2507.0,2257.0
0x707476d82e67fcb502209c387ed5fdd53eebee02,2.0,250.0,2500.0,2250.0
0xc4365ccdf97793c1f50401f80ffcb51e299ab152,2.0,250.0,2299.0,2049.0
0x6abf96a20644706286a7878315fb47b12c51dd6e,2.0,250.0,2642.0,2392.0
0xb7c314ec3bfc611a8c8cedb363c1c122e85b6c79,2.0,250.0,2387.0,2137.0
0x77aecb38bf8948a065395e100eb8494c08c4b72c,2.0,250.0,2340.0,2090.0
0xaebb3e2ebbf55fbf126458cee62df94f055e028f,2.0,250.0,2633.0,2383.0
0x1f712309265ea03cc87e1dfc05b9005c201be4ae,2.0,250.0,2486.0,2236.0
0x7bb727186c12db715a827ddc94f0c06d5c84ecd5,2.0,250.0,2433.0,2183.0
0x2f4d12d729fe6bd25b4aa89e10f7d83e4720a9f1,3.0,2928.0,2678.0,-250.0
0xfd4ba8f939ae5a36f4568d55ff0a0428813b673b,2.0,250.0,2306.0,2056.0
0x45ce415bf4ead27d49e22955d37ff573423d406d,2.0,250.0,2488.0,2238.0
0xf011de6aca8130a1b44b1d9d75b09145bf72356a,2.0,250.0,2578.0,2328.0
0x7c835893b1158eab2fc3e8f81550803bc7e32e0a,2.0,250.0,2648.0,2398.0
0xcc2cab385e0b913f8a5593d63b9532c8c897f7b5,2.0,250.0,2501.0,2251.0
0xf3b60393ffcbdc5083031d095736002bbb1053c5,2.0,250.0,2385.0,2135.0
0x2d7fc25548abaff0e8db2f839ec5654bed306ffc,2.0,250.0,2540.0,2290.0
0xcad4c50767ca9960385f14fa9a8265f68919ce95,2.0,250.0,2745.0,2495.0
0xe31c86c84b808e26e65dac1b2ac668b9972e1b40,2.0,250.0,2662.0,2412.0
0x4cc4073c37f27d7d066b9bc1e5fe57609e689b1c,2.0,250.0,2524.0,2274.0
0x1f46889c71e9aa17b365fcf0983a7b33f26ffdec,2.0,250.0,2697.0,2447.0
0xa9d383bd2d2f499decc127d2f31663a57280fb3f,2.0,250.0,2475.0,2225.0
0x563bacf0223c1941ad45da2890656f90e064308e,2.0,250.0,2465.0,2215.0
0xc1bca8528374f53a93bcb8d72f49d4977a5a897b,2.0,250.0,2537.0,2287.0
0x6e4ef9a2618d31b8232f0500d3c43d59a1f5752d,2.0,250.0,2342.0,2092.0
0x0cf4f09c09a470fecaf3b671b4153d8148c81faa,2.0,250.0,2633.0,2383.0
0x5761f98f821539d132c4996c3cef27261ad20554,2.0,250.0,2685.0,2435.0
0xe7a7bf06a4dbd61d16f70bd870a6018ef1b1ca0f,2.0,250.0,2605.0,2355.0
0x2173869086c7c589cd648b68f15204eaff995362,2.0,250.0,2430.0,2180.0
0x2406714bd3c3804ee1e84294ba5deb313716ee84,2.0,250.0,2653.0,2403.0
0x4008ecfdc2b849f24a4a0466e5ddc663eff983f9,2.0,250.0,2441.0,2191.0
0x0216a76effc7b34ac4126894788520cdd10006a8,2.0,250.0,2438.0,2188.0
0x9227eeed9c6022e7d22aeaeb1c51926a80ce5fd1,2.0,250.0,2407.0,2157.0
0xed5205529fba667ed9e42469afa82b158f5047b1,2.0,250.0,2311.0,2061.0
0x11bce5f8eaf6859e0fcbc0ea2afdb93bb10c4a82,2.0,250.0,2535.0,2285.0
0xeabcaa06c31de596124f4103ac8af2e2309ea1bc,2.0,250.0,2554.0,2304.0
0xcc6eeac030ed76a9d5b5292d727969b5990af183,2.0,250.0,2495.0,2245.0
0x54305dfa160dad1ff31ee98456fe0dee80c686e1,2.0,250.0,2342.0,2092.0
0xadceaea80a985954ce836957bb7ba8948f78b4e1,2.0,250.0,2612.0,2362.0
0x5c5f7532f0466317737fd402f3b635576b94441b,2.0,250.0,2514.0,2264.0
0xea990ce58a55560babf8f8d2ebcfaf76334c5148,2.0,250.0,2734.0,2484.0
0xccd307cc177b0db3189ace1432d74296f767ff9a,2.0,250.0,2365.0,2115.0
0x04c0b4cf0f1dbb1ba26e3b7e177a59f599d570a6,2.0,250.0,2523.0,2273.0
0x21307dc52d6513a605671f9e47e135fa1edfe757,2.0,250.0,2315.0,2065.0
0xe5d1471eb3ba4fe6b2b6b93874f7b3e90b4bb7d3,2.0,250.0,2410.0,2160.0
0x443529a14c741900cd967ae7e820295f53a4fc96,2.0,250.0,2334.0,2084.0
0x61ff9bad358c06d038dd8c9a519bd8e8df27a180,2.0,250.0,2631.0,2381.0
0xcc5445cf567ee2ab060bea402cd377ccbd7d29f6,3.0,2736.0,2486.0,-250.0
0x0a94cf8ce14af91f2db5fe14e6d39c1921f25efd,2.0,250.0,2750.0,2500.0
0x87ef7ce3cd8a02ead1fe62117c5ef990258f4b65,2.0,250.0,2709.0,2459.0
0xbc0c7eef7410cf184f0879b04500fe21502d178b,2.0,250.0,2661.0,2411.0
0x9441e96354b18dd67767fcb57cfeba4842cc3f6f,10.0,-38.029968440000005,83.97003156,122.0
0x74d90a0ff91c24f6849769a884568770b648bb7a,2.0,250.0,2273.0,2023.0
0xb2ce96f6ecfdb5906559858e563a67256e118966,2.0,250.0,2746.0,2496.0
0xf219415df248847d217647039da90f2c9e37d99f,2.0,250.0,2538.0,2288.0
0xf12a636adee78a1d0a971aed4d06c5a778cfc12c,2.0,250.0,2555.0,2305.0
0x72d1b1a61a067a282872e57bef4acab415e73747,2.0,250.0,2457.0,2207.0
0x3816d22d4a635d2c403249752852ba6d12dab1ff,2.0,-240.0,2222.0,2462.0
0x5a674d376df0bff5f7591d6e71f9793529eb9ab1,2.0,250.0,2644.0,2394.0
0x52fd23f9927936e33c396174498b7fdb9846fbd3,2.0,250.0,2690.0,2440.0
0x81c81e04a42b7417e664091b28be8c816ed52a7d,2.0,250.0,2684.0,2434.0
0x61956ad57312a3ca177ee9d2dab216df4d650486,2.0,250.0,2704.0,2454.0
0xd3ed3157966650e60b26e24718c437c258b583a0,2.0,250.0,2361.0,2111.0
0xdbc2b99356c5b815ddb7e0a2498524010b0778f7,2.0,250.0,2674.0,2424.0
0xbc3a088db0802851160e1a6d2007c592b3e42864,2.0,250.0,2606.0,2356.0
0x74524766652bd528d2c7ac7b0478a88cb6809f0b,2.0,250.0,2611.0,2361.0
0x62ffee9285b1e003296d47c30ab79c2e793f5a3c,2.0,250.0,2358.0,2108.0
0x76c0a29159dc9e1753646ed19eded119a8ee1e0a,2.0,250.0,2747.0,2497.0
0x7dba91d140ea3ee47679bf9e2e197aa221a08938,2.0,250.0,2651.0,2401.0
0xda9515d0d79c95c1e0d000307c560b9c0c9238b3,2.0,250.0,2615.0,2365.0
0x00f5d60dc7de3a51be4153f48e4368bb228bd200,2.0,250.0,2676.0,2426.0
0xdf82b4244ae21929bf6a861c9fffcc1412ce0371,2.0,250.0,2468.0,2218.0
0xa870c4f2402971a0e3874a79fc6d1cb758207fa4,2.0,250.0,2574.0,2324.0
0x76f05205f61e367f9e9979ee03142c8b3a60d114,2.0,250.0,2475.0,2225.0
0x52bb780356c07d116dc9fe402bd62f11bca4829b,2.0,250.0,2722.0,2472.0
0x42a0ae216533a0820ad1d928a42d5f609c03f76d,2.0,250.0,2320.0,2070.0
0x8766b15af9e2f21b3d332bcf74758cc492b1cd30,2.0,250.0,2288.0,2038.0
0x7aae3b6d6d0e5a768fce7924b4c1c49344136e3d,2.0,250.0,2504.0,2254.0
0x4a79caa48001f6a9b2a5187e48e7c158843bc847,2.0,250.0,2299.0,2049.0
0xb0ddb393364884dfff935b3400a5178d97498892,2.0,250.0,2569.0,2319.0
0xe8fc8f5209c035dad9706f23f1262eacfceb08c5,2.0,250.0,2640.0,2390.0
0xc9a20fa2a83c226a154a710a5f2d1ec42b46cc38,2.0,250.0,2713.0,2463.0
0xf48fd0887b0ea3544333f7850a91df8da263567e,2.0,250.0,2733.0,2483.0
0x03b089ac79fc791c58c77eafe23db9cc31da13c7,2.0,250.0,2502.0,2252.0
0xe4879230439e6bc8de1da7e6d0bc53fe94721183,2.0,250.0,2675.0,2425.0
0xec85a4a1515fb68b6e281469eeef4738eb3a24c5,2.0,250.0,2295.0,2045.0
0xbcf333c2d00351752e4c14a0f57038435247c736,2.0,250.0,2315.0,2065.0
0x84b3314cf31ea1c48e569d48750f38acb17d6ad3,2.0,250.0,2444.0,2194.0
0xce989d8ee48960e1c1ec6fe7a0992388f6be564f,2.0,250.0,2285.0,2035.0
0x8715396100e4c517f9a0c5bf56119877ca45c96b,2.0,250.0,2408.0,2158.0
0x065353db3c4746ac17d8dfa6ddfeb0dd50b5e747,2.0,250.0,2729.0,2479.0
0xaf6617ea26ff9ba97f493482603dae15098cf0ab,2.0,250.0,2450.0,2200.0
0xd1a8d27827e7004eeb4e337dfb53022e94d06880,2.0,250.0,2476.0,2226.0
0x17c1f372d3ed3a93ff3741e186b2f58383e36535,2.0,250.0,2295.0,2045.0
0x2e23bd5106b2cf460ac15c6af7c9b5088e4198a7,2.0,250.0,2651.0,2401.0
0xcee6a6489730b9b94978d66b52b30bb3ddc3a52f,2.0,250.0,2417.0,2167.0
0xa0058fd475357658dce063bb0401f7ed6afb7486,2.0,250.0,2675.0,2425.0
0x1ea6ad8684eef35b4bc26c0c4fbddb11019bfe1a,2.0,250.0,2524.0,2274.0
0x19d0e1bce3e1eb534e0d3d8f0a9b7666807868b9,2.0,250.0,2634.0,2384.0
0xb05d3c9874c4e248650b671545c04aee80298d74,2.0,250.0,2614.0,2364.0
0x3f896272aa4f9b06a3f6e23c916d2763d8d29961,2.0,250.0,2747.0,2497.0
0x31ce59e5d0800204c7e338498251b951bd59448c,2.0,250.0,2469.0,2219.0
0x8f4321cf94d0e1959118219b150c20cec3c5fa6b,2.0,250.0,2585.0,2335.0
0x881331e270bbc0002ba93471eed6dd0fd47259e6,2.0,250.0,2630.0,2380.0
0xe7beb533873710172ab980b93e565efa7f7a5312,2.0,250.0,2649.0,2399.0
0xeff1dad1bb6f2a9e73299237b0f54bf03c674052,2.0,250.0,2428.0,2178.0
0x3133feb961d9e906824b7cfaaac5075d81a9f3e4,2.0,250.0,2606.0,2356.0
0xc88087926d7badc95a604cc7238706ad6f673d54,2.0,250.0,2349.0,2099.0
0x01926a55a472bd8e8a5e27a077ce3d5cb4babbfb,2.0,250.0,2721.0,2471.0
0xd7c4bcb2e3312ec69bf2e9eda19621c1dac5b3f1,2.0,250.0,2384.0,2134.0
0xf9f9e21e9be15af8c50c3d659f4797c3ba398fc1,2.0,250.0,2560.0,2310.0
0x83fed6fdd84f08ea01e382408eb99c73d8829e9e,2.0,250.0,2373.0,2123.0
0x07ef1f59a469132d1cb80d8da7e31815f46c63da,2.0,250.0,2475.0,2225.0
0x0eac6d70113a4c5f22cbd19cb7c36072261be038,2.0,250.0,2671.0,2421.0
0xd2311b0c5bae0a33acd5222b21b139d677ad0872,2.0,250.0,2549.0,2299.0
0x14588bd0ea696d47798260b53164e56490a67274,2.0,250.0,2593.0,2343.0
0x3d3c85fe1109b7ac125ecc72d69ff18ca8b8ea15,2.0,250.0,2727.0,2477.0
0xbddce9cd906762fc98fcb552ce68df9f110e42f4,2.0,250.0,2276.0,2026.0
0x20c92dc665ccb9e327b6a733dba1bbcdd27614ac,2.0,250.0,2311.0,2061.0
0x569bd590236836ca25b68e28346234442e2ed164,2.0,250.0,2496.0,2246.0
0x1efb3f02b2363984d04006cf9fd558c206daa7a7,2.0,250.0,2432.0,2182.0
0x175c0529ef0915e24f7bc54bcc3797c69d772765,2.0,250.0,2497.0,2247.0
0xca42f6ecfd3bcc74a205d08e1eeb7e3e7d4039cf,2.0,250.0,2450.0,2200.0
0x94230e41a473902cd0aa3ad5c30e62fff4641305,2.0,250.0,2688.0,2438.0
0xa79991d217926172f2cd7303f36fda0e19e2b8ac,2.0,250.0,2646.0,2396.0
0x1282ad1f398b789ad14edce834161be44cc76f29,2.0,250.0,2266.0,2016.0
0x84358031442cf76ca5f424581ea10e877e2113d4,2.0,250.0,2408.0,2158.0
0x065d81a69c7a38ee500ce1a51a3980d04f768d01,4.0,-250.0,2197.0,2447.0
0x8d9f533dc966b51f3a175d5a6daec19958a8362f,2.0,250.0,2609.0,2359.0
0x7fdb0c124c4b99d8f9567a9225cc7a2b35af8390,2.0,250.0,2727.0,2477.0
0x7209fe127bf6837fd537be35fa975b6772e6d347,2.0,250.0,2483.0,2233.0
0x5f428d5949a5efb7c0ce2793cd192d4ffecbacf1,2.0,250.0,2416.0,2166.0
0x5258e32b308676f326ddc40dbebb373961e01659,2.0,250.0,2474.0,2224.0
0x1d39039b9f522492ea6d7bc54d7bb088dee49ac6,3.0,2735.0,2485.0,-250.0
0x254439961b58926df716ac99dace270b01766071,2.0,250.0,2620.0,2370.0
0x13f1249935a201ac62de7438caa1c051ff045776,2.0,250.0,2671.0,2421.0
0xc2c03f90a0d1024a74907325643d20c38d33bc8f,2.0,250.0,2518.0,2268.0
0x2710fbeb923863d645cbb7a93243bc6064119c9b,2.0,250.0,2446.0,2196.0
0x0ae79522835ad3cf845fe2b6001557d601a44f77,2.0,250.0,2543.0,2293.0
0x84804c3857480ebb120335e2a2e53c1f9a03c463,2.0,250.0,2653.0,2403.0
0x2be388ab9f6b7a341c69f1f712117df4fe66f658,2.0,250.0,2714.0,2464.0
0x1114a192a2e5269fa2b485a47326fc15e67e9bbc,2.0,250.0,2501.0,2251.0
0x062ae628594268aeff8d1eb1082a7ed28ab90b76,2.0,250.0,2532.0,2282.0
0x49e5d8770985595ff17dd2e33b42faf00f734114,2.0,-1000.0,1618.0,2618.0
0x72efc8432b06b194e03f2727f5187bb3663b20be,2.0,250.0,2502.0,2252.0
0x45a11592ca5b3ca14f72ed977110352ddc7373d9,2.0,250.0,2574.0,2324.0
0xb15db904c09197d9c61ff48e916846a9040ad208,2.0,250.0,2539.0,2289.0
0x5592b2283df416860bf57c647b7d820430b5ed9a,2.0,250.0,2381.0,2131.0
0xd065ab7a6d21071b7879c125b7ec5c3ce0446c1f,2.0,250.0,2601.0,2351.0
0xc8f7c3fa59d675cdc8be455247bb543c54b3b84b,2.0,250.0,2255.0,2005.0
0x536282a992484c236361a28d4aeb5a2d6ce3e89a,2.0,250.0,2750.0,2500.0
0x00e8dd22d4f0d652cb27b3717f181d2d0897c344,2.0,250.0,2431.0,2181.0
0x4d808f9f207d25ee12ff9154e6c613c8b4441ca8,3.0,2964.0,2714.0,-250.0
0x3f81d7cffb9385a3ecc2b73510fd21e148f9440d,2.0,250.0,2549.0,2299.0
0x830240d211dd1107770e933cc5deccb3aed4ec0e,2.0,250.0,2449.0,2199.0
0xe5dacf4c6bf19f735f0ddef8aa9834f15fb744fa,2.0,250.0,2263.0,2013.0
0x799de9cd8808c14d91672e11839531005322d69e,2.0,250.0,2614.0,2364.0
0xf96e00659d89c2377e86019b37b31b2dc55da144,2.0,250.0,2422.0,2172.0
0x002e8623622ac861f88a22271c7aa1d5e524a69f,2.0,250.0,2275.0,2025.0
0x984b016b47d17c0e4e7b84cdca26cd33f8675972,2.0,250.0,2664.0,2414.0
0xb773292336f63ed43dd03887ad0120772c724392,2.0,250.0,2522.0,2272.0
0x24a706a34c9641090eabb30ca8fc88ac7ddb4ed0,2.0,250.0,2297.0,2047.0
0x0ca4787beb392f58c8912226a0dcfa8c8b100ef0,2.0,250.0,2387.0,2137.0
0x150a2a073f555fbfd91b47b9b4e13bea26cc68b8,2.0,250.0,2259.0,2009.0
0x3e267565a7ec28fb7febe4bbb4cad151842625c1,2.0,250.0,2587.0,2337.0
0xba39890b296e641458c081fffacf7531a142b512,2.0,250.0,2279.0,2029.0
0x1b61c5923b2647a93c8876627308714a8cc73a78,2.0,250.0,2653.0,2403.0
0xd8d8241c935d67188cb8c6b17e5e88687ac90a07,2.0,250.0,2713.0,2463.0
0x5194576bd96792faabb0d9a705c1a8d99dd47641,2.0,250.0,2477.0,2227.0
0xe5a1180e1beb364d59989d440cb592cc7e47a860,2.0,250.0,2469.0,2219.0
0xa88bb888acebd61ebc1abe3084b0a53f916ef072,2.0,250.0,2309.0,2059.0
0xeb6793a76c87a21781df2e1d4fcdda4bb6391a34,2.0,250.0,2332.0,2082.0
0xd136387140c7f770a1b75412467753a3c477e29c,2.0,250.0,2566.0,2316.0
0xe60f48c01819cc694fc85d881bcf77f94c216461,2.0,250.0,2437.0,2187.0
0x05fd4df09b914f7bea249a7034262435f175afb7,2.0,250.0,2258.0,2008.0
0x20e969c02c4c8c2f9058a6a75e35410dd7d9e598,2.0,250.0,2467.0,2217.0
0x17a7963d8ff5cec845acb39d4a325e24a50ff03f,2.0,250.0,2318.0,2068.0
0xe6e51efe1b51991624526f4317b896ccff85f84c,2.0,250.0,2299.0,2049.0
0x9cf2e9c04411a49d7e63dacda989e4aa3b568a70,2.0,250.0,2653.0,2403.0
0xcae4e4a86713c24da9c60ef0024b66046862abfb,2.0,250.0,2545.0,2295.0
0x13220f083befddca4f6f36a8e94b011f7371ba80,2.0,250.0,2336.0,2086.0
0xfa077d8977901e5ffec55fa4b938fa16b92e63ff,2.0,250.0,2407.0,2157.0
0xefa878d4ca8a55011085d8d708170e35deea5f65,2.0,250.0,2656.0,2406.0
0x234a2020390e41f53c80792d7693b7a5a6fedfb6,2.0,250.0,2470.0,2220.0
0x841fe7c541ea9e98415b1b179f69e9b7fbbcadac,2.0,250.0,2495.0,2245.0
0xddd4c875137bdf385f9a226b0799bb99dcdddc31,2.0,250.0,2264.0,2014.0
0x4e7f4389f6e1006ea6d211207aae5a2d71161e54,2.0,250.0,2363.0,2113.0
0xf0c9fd7e79163adea6787e89d860d5e3058f7e01,2.0,250.0,2330.0,2080.0
0xd1d7a5f2471351044cfae73dba3fff430b9587fa,2.0,250.0,2271.0,2021.0
0x75fc747f656c69365235ec1739f473e34ecc8dc6,2.0,250.0,2524.0,2274.0
0xbd3e46494b606d5f0bba1a9c31e3ebeb49c90638,2.0,250.0,2560.0,2310.0
0x7b95757a7f8f292238fafc39457ec880ab3e0292,2.0,250.0,2320.0,2070.0
0x7606c3fdc2a7e0b5baa2341c90339021ae5b326d,2.0,250.0,2409.0,2159.0
0x1d7116a782abe7e204b9c87c94a52dbf3d1964b9,2.0,250.0,2438.0,2188.0
0x9f436a17d77091f369690ccb29eab48b0c0b4001,2.0,-1050.0,1398.0,2448.0
0xb552f8838b0b9ae197137c28ac178a3b2b437686,2.0,250.0,2512.0,2262.0
0xf2b5052ea3374a86bfb54b1a946a23d5d74a7d0f,2.0,250.0,2705.0,2455.0
0xafe0a4d5f184738ad9808370e72c4cf3dbcdca76,2.0,250.0,2283.0,2033.0
0x031a17a3922c769322a04ba7ca2d90c0f6b8dec9,2.0,250.0,2285.0,2035.0
0xde07b96cbacafe8b9ca00a002f2c1617eb020afd,2.0,250.0,2298.0,2048.0
0x45ccbdfc752369c4ef7eaa35aab098ca28123978,2.0,250.0,2632.0,2382.0
0x2670263d96629250ea928ad74a0d7c7574d29c06,2.0,250.0,2315.0,2065.0
0xdc04e2e85e458174275c3525fc986a37aae4d577,2.0,250.0,2382.0,2132.0
0x39d7d8fa70010c853d1f7d2f47b8760679ee56e1,2.0,250.0,2367.0,2117.0
0xb72bbbbb1aa5377dc922dff331833111f865cd61,2.0,250.0,2322.0,2072.0
0xa90645bee61b96297a0eb43aba530b1b6d0fac39,2.0,250.0,2604.0,2354.0
0x40761ca2ae1d64526cdb0099b070ad40a2aeaa12,2.0,250.0,2686.0,2436.0
0x5b3911e6b0f55e8b84253137f55c907a8e5034b0,2.0,250.0,2516.0,2266.0
0xd89f5fd563e26aceb2e0bc6fac6778fe0f6d151e,2.0,250.0,2559.0,2309.0
0x4ae2296eb16f7a77feefe8b5cb21f0e818a38030,2.0,250.0,2565.0,2315.0
0x8353ab4a4d99706e29e46a2bf50286f3cfd09801,2.0,250.0,2691.0,2441.0
0x0a63842724adf8446329a6fbba0d0253914138e3,2.0,250.0,2583.0,2333.0
0x234bfcf1b811e7c8b4b08b54f591eb1a6edbfea0,2.0,250.0,2428.0,2178.0
0x47840bb55906959318632554a532a7ea3d131c7e,2.0,250.0,2581.0,2331.0
0x225febeb740b3ab44023828d5904cc2da5c7752c,2.0,250.0,2393.0,2143.0
0x8349b4b860a679df5d149bf84b4cb0202947f130,2.0,250.0,2558.0,2308.0
0xf1e6e9d89bd35f3e188f72b37553505353527e65,2.0,250.0,2478.0,2228.0
0x763eaeb431396be815e68db744edc8bece4b2583,2.0,250.0,2494.0,2244.0
0x6783080a86119e7afd7bb182a4924d85d0287290,2.0,250.0,2338.0,2088.0
0x86b57f1f268b6d8e8f963bfc339a3ca3f86601dc,2.0,250.0,2378.0,2128.0
0x96df684e1c9624fd0c33321af6e64c839742cd77,2.0,250.0,2543.0,2293.0
0x66b73a4ae8035ca61d541d762393333882285d11,2.0,250.0,2545.0,2295.0
0x0cfcba926107172a8a62e2323b91462e260a8bfa,2.0,250.0,2684.0,2434.0
0x0c27ed30512497db1cf3b457d27b7d1a6b082fd7,2.0,250.0,2266.0,2016.0
0x3ef81cfe0f249eb5268e43cbf2f759253f5299c9,2.0,250.0,2489.0,2239.0
0xba7bfde40b7fe4a769ed2308a2159836c3ed05b4,2.0,250.0,2402.0,2152.0
0x64bcd06ab8e6784b3205e14f99ff4dc2b54e290f,2.0,250.0,2631.0,2381.0
0x0e4743ce2f37db7bc07ff95a555b72aed3c49f17,2.0,250.0,2603.0,2353.0
0xe3a22ee7d627d727805089d08638bdf03cef08d7,2.0,250.0,2598.0,2348.0
0x085b46423e84e23014cbbd5ca2244586192f72fa,2.0,250.0,2635.0,2385.0
0xf594541f32c6515cce6c0e9a09524161cb0aaa12,2.0,250.0,2498.0,2248.0
0xaaa49d3b3e306240cef24de27adaf1ae53e2aa46,2.0,250.0,2311.0,2061.0
0xfb88fad34e9c92ecfd181af5aadb70f38e32d533,2.0,250.0,2725.0,2475.0
0xd1e24f254aaf86aa994c64a3c7e5170dbeeadfbd,3.0,2641.0,2391.0,-250.0
0xf021bba60984430565cb4f8d81220c4610e7902b,2.0,250.0,2613.0,2363.0
0x5d12a691de089b240c83a7145c22eba25d6e67a3,2.0,250.0,2665.0,2415.0
0xaba15a8b1333bf813e239e3ec58dc413934ee13f,2.0,250.0,2301.0,2051.0
0xbfc5ddbc5ee5f96014621383ad8ca29a86251f36,2.0,250.0,2256.0,2006.0
0x6f35852bd5ed676cdaf5f3841f8fe08e473e4132,2.0,250.0,2629.0,2379.0
0xb0d96e2a8dffc99d2a93dc5d0840f179db77ad14,2.0,250.0,2382.0,2132.0
0xc1211786bda9c48cf5253c141e369a517e56d280,2.0,250.0,2629.0,2379.0
0x7ebfa0ff8220bfd1394923bc3eadb31eb66cd88c,2.0,250.0,2501.0,2251.0
0xc1f6e6774dce2c396ac960d1bdfd69a8b0cca6f1,2.0,250.0,2369.0,2119.0
0x4a0729228d4990f85565936bca023089f0c138f1,2.0,250.0,2504.0,2254.0
0xca4f392ba89a159e062c019e1b809a45968d01c9,2.0,250.0,2746.0,2496.0
0xaf31869a940f02199831a9e3e96088d37eeb6cea,2.0,250.0,2750.0,2500.0
0x35dfe50eb32185e6186f4b720391484366d99e00,2.0,250.0,2420.0,2170.0
0x6392e4926c6ff35c70e53c3a3122611bc0bbca89,2.0,250.0,2584.0,2334.0
0x77676bca4654f15c0523e7baa8dea4dbb3330b3f,2.0,250.0,2664.0,2414.0
0x608e2f99fee5947582766582355cc26e429ded7d,2.0,250.0,2257.0,2007.0
0xa30e695175aae8d4b9ee39638f79deb226ffbc66,2.0,250.0,2548.0,2298.0
0x571cbf7289fd0f2226783405416e9bc35161f1d3,2.0,250.0,2351.0,2101.0
0x758ed8bd44d0f9836a335f590fb486a0a0ec6ab7,2.0,250.0,2583.0,2333.0
0xeaab152422a3841eb56b0d20e5453e0410d30617,2.0,250.0,2425.0,2175.0
0x2282cad08f1d9f61dd16bf2fc19c2d960be543e2,2.0,250.0,2660.0,2410.0
0x34c5f95a30a39d049f8110700ab48098cff13227,2.0,250.0,2357.0,2107.0
